smiles,canonical_smiles,sascore,unique_hydrogens,unique_carbons,ir_similarity,cnmr_similarity,hnmr_similarity,similarity,sum_of_similarities,cnmr_ir_similarity,ir_hnmr_similarity,cnmr_hnmr_similarity,tanimoto
C/C=C/CN(C1=CC=CC(=C1)C(F)(F)F)C(=O)C(C2=CC=C(C=C2)F)Br,C/C=C/CN(C(=O)C(Br)c1ccc(F)cc1)c1cccc(C(F)(F)F)c1,3.0843808810764104,11,17,0.783402681350708,-0.27827754616737366,-0.0701337605714798,0.27092450857162476,0.43499137461185455,0.32795149087905884,0.540025532245636,-0.18689610064029694,1.0
CC=CCN(C1=CC=CC(=C1)C(F)(F)F)C(=O)C(C2=CC=C(C=C2)F)Br,CC=CCN(C(=O)C(Br)c1ccc(F)cc1)c1cccc(C(F)(F)F)c1,3.0843808810764104,11,17,0.771517276763916,-0.3093104362487793,-0.1491028368473053,0.2493949979543686,0.3131040036678314,0.316990464925766,0.5105067491531372,-0.23631061613559723,1.0
