smiles,canonical_smiles,unique_hydrogens,unique_carbons,sascore,ir_similarity,cnmr_similarity,hnmr_similarity,similarity,sum_of_similarities,cnmr_ir_similarity,ir_hnmr_similarity,cnmr_hnmr_similarity,tanimoto
CCOC(=O)CNCP(=S)(NN(C)C)NN(C)C,CCOC(=O)CNCP(=S)(NN(C)C)NN(C)C,7,6,3.777732610934631,0.6631352305412292,0.7835723757743835,0.7913075685501099,0.5743179321289062,2.2380151748657227,0.6525322198867798,0.6561102271080017,0.5451092720031738,1.0
CN(C)NP(=S)(CNCC(=O)O)NN(C)C,CN(C)NP(=S)(CNCC(=O)O)NN(C)C,6,4,4.025567987543454,0.44544708728790283,0.5645508170127869,0.5520392060279846,0.40075498819351196,1.5620371103286743,0.424005925655365,0.46069735288619995,0.40280216932296753,0.861271676300578
