smiles,canonical_smiles,unique_hydrogens,unique_carbons,sascore,ir_similarity,cnmr_similarity,hnmr_similarity,similarity,sum_of_similarities,cnmr_ir_similarity,ir_hnmr_similarity,cnmr_hnmr_similarity,tanimoto
CPCCC(=O)N[C@@H](Cc1cc(I)c(Oc2ccc(O)c(I)c2)c(I)c1)C(=O)O,CPCCC(=O)N[C@@H](Cc1cc(I)c(Oc2ccc(O)c(I)c2)c(I)c1)C(=O)O,13,17,3.8258992196822392,0.7175832390785217,0.5882865190505981,0.5226648449897766,0.558003306388855,1.8285346031188965,0.6102473735809326,0.6129024028778076,0.47626441717147827,0.9362348178137652
CCC(=O)C(PC)(c1ccc(Oc2ccc(O)cc2)cc1)[C@@](I)(C(=O)OC)N(I)I,CCC(=O)C(PC)(c1ccc(Oc2ccc(O)cc2)cc1)[C@@](I)(C(=O)OC)N(I)I,10,16,4.344035730132463,0.10218733549118042,0.25065451860427856,0.477895051240921,0.22689107060432434,0.83073690533638,0.15036015212535858,0.24581730365753174,0.3032432794570923,0.4841101694915254
COC(=O)[C@H](Cc1cc(I)c(Oc2ccc(O)c(I)c2)c(I)c1)NC(=O)CCPC,COC(=O)[C@H](Cc1cc(I)c(Oc2ccc(O)c(I)c2)c(I)c1)NC(=O)CCPC,13,18,3.8458411734194495,0.8664102554321289,0.7529088258743286,0.8244426250457764,0.7497879862785339,2.443761706352234,0.8084259629249573,0.7823821306228638,0.6723529100418091,1.0
COC(=O)[C@](I)(C(C(=O)CCPC)c1ccc(Oc2ccc(O)cc2)cc1)N(I)I,COC(=O)[C@](I)(C(C(=O)CCPC)c1ccc(Oc2ccc(O)cc2)cc1)N(I)I,11,16,4.370317885646327,0.13052800297737122,0.30524957180023193,0.6462901830673218,0.24684610962867737,1.082067757844925,0.1960235834121704,0.28362756967544556,0.33973103761672974,0.47311178247734137
CCC(=O)c1c(Oc2c(I)cc(CC(N)C(=O)OC)c(PC)c2I)ccc(O)c1I,CCC(=O)c1c(Oc2c(I)cc(CC(N)C(=O)OC)c(PC)c2I)ccc(O)c1I,12,20,4.325433654657724,0.36300432682037354,0.4678892493247986,0.4745933413505554,0.39655327796936035,1.3054869174957275,0.3812643885612488,0.36458057165145874,0.4268084168434143,0.5488342785129174
