smiles,canonical_smiles,unique_hydrogens,unique_carbons,sascore,ir_similarity,cnmr_similarity,hnmr_similarity,similarity,sum_of_similarities,cnmr_ir_similarity,ir_hnmr_similarity,cnmr_hnmr_similarity,tanimoto
O=C(Nc1cccc2ccccc12)c1nn2c(C(F)(F)F)cc(-c3ccc(Br)cc3)nc2c1Cl,O=C(Nc1cccc2ccccc12)c1nn2c(C(F)(F)F)cc(-c3ccc(Br)cc3)nc2c1Cl,11,22,2.4556084962691695,0.3882941007614136,0.489128440618515,0.33770978450775146,0.35349947214126587,1.21513232588768,0.46039462089538574,0.32424890995025635,0.29142266511917114,0.761
O=c1c2nc(Br)n(-c3ccccc3)c2nc(-c2ccc(C(F)(F)F)cc2)n1-c1ccc(Cl)cc1,O=c1c2nc(Br)n(-c3ccccc3)c2nc(-c2ccc(C(F)(F)F)cc2)n1-c1ccc(Cl)cc1,7,18,2.503559457807633,0.8259342908859253,0.8585452437400818,0.9133767485618591,0.7246346473693848,2.597856283187866,0.8108464479446411,0.7611669301986694,0.6693611741065979,1.0
[C-]#[N+]c1ccc(-c2c(-c3ccc(Cl)cc3)c(Br)nn(Cc3ccc(C(F)(F)F)nc3C)c2=O)cc1,[C-]#[N+]c1ccc(-c2c(-c3ccc(Cl)cc3)c(Br)nn(Cc3ccc(C(F)(F)F)nc3C)c2=O)cc1,8,21,2.9965684640581625,0.34530314803123474,0.18500903248786926,0.0336785688996315,0.17685867846012115,0.5639907494187355,0.25412386655807495,0.214823916554451,0.09043224155902863,0.7169620253164557
Cc1nc(C(F)(F)F)ccc1Cn1nc(Br)c(-c2ccc(Cl)cc2)c(-c2ccc(C#N)cc2)c1=O,Cc1nc(C(F)(F)F)ccc1Cn1nc(Br)c(-c2ccc(Cl)cc2)c(-c2ccc(C#N)cc2)c1=O,8,21,2.7950169969685508,0.364531934261322,0.18095064163208008,-0.015743840485811234,0.1838081032037735,0.5297387354075909,0.29634302854537964,0.20574435591697693,0.05385163426399231,0.7139969681657403
O=C1N=C(c2ccc(C(F)(F)F)cc2)N=C2C1=NC(Br)(c1ccc(Cl)cc1)N2c1ccccc1,O=C1N=C(c2ccc(C(F)(F)F)cc2)N=C2C1=NC(Br)(c1ccc(Cl)cc1)N2c1ccccc1,7,18,3.4906327210346824,0.7378056049346924,0.5568796396255493,0.7544620037078857,0.5780909061431885,2.0491472482681274,0.5992948412895203,0.6733573079109192,0.5110878944396973,0.8090551181102362
